0,1,2,3,4,5,6,7,8,9,10,11,12,13,14,15,16,17,18,19,20,actual,pred
4.0,1.0,1.0,1.0,3.0,4.75,1.0,1.0,4.75,4.75,0.0,0.26,0,0,0,0,2.0,1.0,2.0,1.0,1.0,False,False
155.0,24.0,19.0,18.0,407.0,2535.13,0.03,31.5,80.48,79856.57,0.85,4436.48,134,2,17,0,21.0,54.0,245.0,162.0,47.0,False,False
2.0,1.0,1.0,1.0,6.0,15.51,0.4,2.5,6.2,38.77,0.01,2.15,0,0,0,0,5.0,1.0,5.0,1.0,1.0,False,False
4.0,1.0,1.0,1.0,4.0,8.0,0.67,1.5,5.33,12.0,0.0,0.67,2,0,0,0,3.0,1.0,3.0,1.0,1.0,False,True
2.0,1.0,1.0,1.0,8.0,24.0,0.33,3.0,8.0,72.0,0.01,4.0,0,0,0,0,6.0,2.0,6.0,2.0,1.0,False,False
22.0,2.0,1.0,2.0,35.0,148.68,0.16,6.3,23.6,936.67,0.05,52.04,15,0,3,0,9.0,10.0,21.0,14.0,3.0,False,False
16.0,1.0,1.0,1.0,40.0,175.69,0.17,6.0,29.28,1054.16,0.06,58.56,9,1,2,0,9.0,12.0,24.0,16.0,1.0,False,False
4.0,1.0,1.0,1.0,6.0,15.51,0.5,2.0,7.75,31.02,0.01,1.72,2,0,0,0,4.0,2.0,4.0,2.0,1.0,False,False
50.0,4.0,3.0,3.0,138.0,794.17,0.07,13.78,57.62,10946.73,0.26,608.15,36,2,6,0,17.0,37.0,78.0,60.0,7.0,False,False
1.0,1.0,1.0,1.0,5.0,11.61,0.67,1.5,7.74,17.41,0.0,0.97,0,0,0,0,3.0,2.0,3.0,2.0,1.0,False,False
12.0,4.0,1.0,2.0,44.0,199.04,0.1,9.82,20.27,1954.18,0.07,108.57,10,0,0,0,12.0,11.0,26.0,18.0,7.0,True,False
1.0,1.0,1.0,1.0,4.0,8.0,0.67,1.5,5.33,12.0,0.0,0.67,0,0,0,0,3.0,1.0,3.0,1.0,1.0,False,False
20.0,4.0,1.0,1.0,44.0,176.0,0.09,11.57,15.21,2036.57,0.06,113.14,15,0,3,0,9.0,7.0,26.0,18.0,7.0,False,False
3.0,1.0,1.0,1.0,1.0,0.0,0.0,0.0,0.0,0.0,0.0,0.0,1,0,0,0,1.0,0.0,1.0,0.0,1.0,False,False
17.0,1.0,1.0,1.0,62.0,291.43,0.18,5.56,52.46,1619.04,0.1,89.95,12,0,0,0,8.0,18.0,37.0,25.0,1.0,False,False
20.0,2.0,1.0,2.0,0.0,0.0,0.0,0.0,0.0,0.0,0.0,0.0,0,0,0,0,0.0,0.0,0.0,0.0,3.0,False,False
5.0,1.0,1.0,1.0,9.0,23.26,0.5,2.0,11.63,46.53,0.01,2.58,3,0,0,0,3.0,3.0,5.0,4.0,1.0,False,False
15.0,2.0,1.0,2.0,60.0,278.63,0.18,5.41,51.49,1507.89,0.09,83.77,13,0,0,0,8.0,17.0,37.0,23.0,3.0,False,False
41.0,6.0,3.0,6.0,109.0,572.02,0.05,18.45,31.0,10553.84,0.19,586.32,35,0,2,0,18.0,20.0,68.0,41.0,11.0,True,False
23.0,2.0,1.0,2.0,56.0,253.32,0.14,7.07,35.82,1791.33,0.08,99.52,16,1,3,0,9.0,14.0,34.0,22.0,3.0,False,False
41.0,1.0,1.0,1.0,0.0,0.0,0.0,0.0,0.0,0.0,0.0,0.0,0,0,0,0,0.0,0.0,0.0,0.0,1.0,True,False
123.0,21.0,13.0,21.0,384.0,2312.59,0.03,35.32,65.48,81676.45,0.77,4537.58,107,5,8,1,21.0,44.0,236.0,148.0,41.0,False,False
9.0,1.0,1.0,1.0,20.0,76.15,0.21,4.67,16.32,355.35,0.03,19.74,6,0,0,0,8.0,6.0,13.0,7.0,1.0,False,False
93.0,10.0,3.0,10.0,245.0,1491.43,0.07,14.77,100.98,22027.25,0.5,1223.74,76,4,12,0,16.0,52.0,149.0,96.0,19.0,False,False
107.0,18.0,11.0,12.0,213.0,1236.97,0.03,31.05,39.84,38405.82,0.41,2133.66,80,19,0,4,25.0,31.0,136.0,77.0,35.0,False,False
2.0,1.0,1.0,1.0,7.0,19.65,0.4,2.5,7.86,49.13,0.01,2.73,0,0,0,0,5.0,2.0,5.0,2.0,1.0,False,False
1.0,1.0,1.0,1.0,5.0,11.61,0.67,1.5,7.74,17.41,0.0,0.97,0,0,0,0,3.0,2.0,3.0,2.0,1.0,False,False
5.0,1.0,1.0,1.0,11.0,28.43,0.25,4.0,7.11,113.74,0.01,6.32,3,0,0,0,4.0,2.0,7.0,4.0,1.0,False,False
74.0,7.0,1.0,6.0,177.0,948.29,0.04,24.0,39.51,22758.88,0.32,1264.38,60,6,6,0,16.0,25.0,102.0,75.0,13.0,False,False
4.0,1.0,1.0,1.0,1.0,0.0,0.0,0.0,0.0,0.0,0.0,0.0,0,0,0,0,1.0,0.0,1.0,0.0,1.0,False,False
31.0,4.0,1.0,4.0,90.0,450.0,0.06,16.32,27.57,7345.59,0.15,408.09,24,3,2,0,15.0,17.0,53.0,37.0,7.0,False,False
1.0,1.0,1.0,1.0,5.0,11.61,0.67,1.5,7.74,17.41,0.0,0.97,0,0,0,0,3.0,2.0,3.0,2.0,1.0,False,False
1.0,1.0,1.0,1.0,4.0,8.0,0.67,1.5,5.33,12.0,0.0,0.67,0,0,0,0,3.0,1.0,3.0,1.0,1.0,False,False
3.0,1.0,1.0,1.0,1.0,0.0,0.0,0.0,0.0,0.0,0.0,0.0,1,0,0,0,1.0,0.0,1.0,0.0,1.0,False,False
5.0,1.0,1.0,1.0,11.0,36.54,0.29,3.5,10.44,127.89,0.01,7.11,2,0,0,0,7.0,3.0,8.0,3.0,1.0,False,False
4.0,1.0,1.0,1.0,5.0,11.61,0.67,1.5,7.74,17.41,0.0,0.97,0,0,0,0,3.0,2.0,3.0,2.0,1.0,False,False
4.0,1.0,1.0,1.0,4.0,8.0,0.67,1.5,5.33,12.0,0.0,0.67,2,0,0,0,3.0,1.0,3.0,1.0,1.0,True,True
33.0,4.0,1.0,4.0,114.0,602.54,0.08,12.04,50.04,7254.53,0.2,403.03,27,0,4,0,14.0,25.0,71.0,43.0,7.0,False,False
132.0,13.0,10.0,13.0,278.0,1757.5,0.05,22.19,79.19,39004.08,0.59,2166.89,88,24,18,0,23.0,57.0,168.0,110.0,25.0,True,False
10.0,1.0,1.0,1.0,8.0,24.0,0.4,2.5,9.6,60.0,0.01,3.33,4,0,1,0,5.0,3.0,5.0,3.0,1.0,False,False
15.0,1.0,1.0,1.0,0.0,0.0,0.0,0.0,0.0,0.0,0.0,0.0,0,0,0,0,0.0,0.0,0.0,0.0,1.0,False,False
17.0,2.0,1.0,2.0,24.0,91.38,0.17,6.0,15.23,548.26,0.03,30.46,12,0,3,0,8.0,6.0,15.0,9.0,3.0,False,False
27.0,2.0,1.0,2.0,54.0,237.19,0.13,7.88,30.12,1867.83,0.08,103.77,16,5,4,0,9.0,12.0,33.0,21.0,3.0,False,False
3.0,1.0,1.0,1.0,1.0,0.0,0.0,0.0,0.0,0.0,0.0,0.0,1,0,0,0,1.0,0.0,1.0,0.0,1.0,False,False
37.0,4.0,1.0,4.0,186.0,1027.38,0.13,7.78,132.09,7990.75,0.34,443.93,35,0,0,0,10.0,36.0,130.0,56.0,6.0,False,False
11.0,3.0,1.0,2.0,24.0,96.0,0.13,7.5,12.8,720.0,0.03,40.0,8,0,1,0,10.0,6.0,15.0,9.0,5.0,False,False
6.0,1.0,1.0,1.0,14.0,50.19,0.29,3.5,14.34,175.66,0.02,9.76,4,0,0,0,7.0,5.0,9.0,5.0,1.0,False,False
23.0,3.0,1.0,3.0,42.0,171.67,0.1,10.08,17.03,1731.04,0.06,96.17,20,0,1,0,11.0,6.0,31.0,11.0,5.0,False,False
46.0,4.0,1.0,4.0,97.0,485.0,0.09,11.4,42.54,5529.0,0.16,307.17,38,0,3,0,12.0,20.0,59.0,38.0,7.0,False,False
28.0,4.0,1.0,1.0,60.0,278.63,0.08,12.46,22.36,3472.18,0.09,192.9,22,0,1,0,12.0,13.0,33.0,27.0,7.0,False,False
2.0,1.0,1.0,1.0,4.0,8.0,0.67,1.5,5.33,12.0,0.0,0.67,0,0,0,0,3.0,1.0,3.0,1.0,1.0,False,False
2.0,1.0,1.0,1.0,4.0,8.0,0.67,1.5,5.33,12.0,0.0,0.67,0,0,0,0,3.0,1.0,3.0,1.0,1.0,False,False
2.0,1.0,1.0,1.0,4.0,8.0,0.67,1.5,5.33,12.0,0.0,0.67,0,0,0,0,3.0,1.0,3.0,1.0,1.0,False,False
40.0,4.0,1.0,3.0,110.0,544.96,0.07,15.17,35.93,8265.25,0.18,459.18,31,1,2,0,13.0,18.0,68.0,42.0,7.0,True,False
19.0,3.0,1.0,3.0,32.0,140.55,0.12,8.13,17.3,1142.0,0.05,63.44,13,1,1,2,13.0,8.0,22.0,10.0,5.0,False,False
17.0,2.0,1.0,2.0,25.0,92.51,0.16,6.4,14.45,592.07,0.03,32.89,12,0,3,0,8.0,5.0,17.0,8.0,3.0,False,False
6.0,1.0,1.0,1.0,13.0,44.97,0.33,3.0,14.99,134.92,0.01,7.5,4,0,0,0,6.0,5.0,8.0,5.0,1.0,False,False
19.0,3.0,1.0,3.0,33.0,147.16,0.11,8.75,16.82,1287.66,0.05,71.54,13,1,1,2,14.0,8.0,23.0,10.0,5.0,False,False
1.0,1.0,1.0,1.0,4.0,8.0,0.67,1.5,5.33,12.0,0.0,0.67,0,0,0,0,3.0,1.0,3.0,1.0,1.0,False,False
4.0,1.0,1.0,1.0,4.0,8.0,0.67,1.5,5.33,12.0,0.0,0.67,0,0,0,0,3.0,1.0,3.0,1.0,1.0,False,False
49.0,4.0,1.0,4.0,109.0,559.09,0.09,11.74,47.63,6563.25,0.19,364.63,41,0,3,0,12.0,23.0,64.0,45.0,7.0,False,False
10.0,2.0,1.0,2.0,11.0,34.87,0.25,4.0,8.72,139.48,0.01,7.75,5,0,0,0,6.0,3.0,7.0,4.0,3.0,False,False
2.0,1.0,1.0,1.0,5.0,11.61,0.67,1.5,7.74,17.41,0.0,0.97,0,0,0,0,3.0,2.0,3.0,2.0,1.0,False,False
2.0,1.0,1.0,1.0,3.0,4.75,1.0,1.0,4.75,4.75,0.0,0.26,0,0,0,0,2.0,1.0,2.0,1.0,1.0,False,False
11.0,3.0,3.0,2.0,43.0,202.12,0.14,6.97,29.01,1408.1,0.07,78.23,7,0,2,0,11.0,15.0,24.0,19.0,5.0,True,False
4.0,1.0,1.0,1.0,5.0,11.61,0.5,2.0,5.8,23.22,0.0,1.29,2,0,0,0,4.0,1.0,4.0,1.0,1.0,False,False
2.0,1.0,1.0,1.0,5.0,11.61,0.5,2.0,5.8,23.22,0.0,1.29,0,0,0,0,4.0,1.0,4.0,1.0,1.0,False,False
2.0,1.0,1.0,1.0,4.0,8.0,0.67,1.5,5.33,12.0,0.0,0.67,0,0,0,0,3.0,1.0,3.0,1.0,1.0,False,False
6.0,1.0,1.0,1.0,12.0,36.0,0.4,2.5,14.4,90.0,0.01,5.0,3,0,0,0,4.0,4.0,7.0,5.0,1.0,False,False
48.0,5.0,3.0,5.0,100.0,508.75,0.06,16.18,31.43,8233.66,0.17,457.43,32,1,6,0,15.0,19.0,59.0,41.0,9.0,False,False
17.0,2.0,1.0,2.0,36.0,144.0,0.12,8.33,17.28,1200.0,0.05,66.67,14,0,1,0,10.0,6.0,26.0,10.0,3.0,False,False
116.0,17.0,8.0,16.0,260.0,1548.09,0.04,25.0,61.92,38702.28,0.52,2150.13,96,9,9,0,20.0,42.0,155.0,105.0,33.0,False,False
4.0,1.0,1.0,1.0,9.0,28.53,0.29,3.5,8.15,99.85,0.01,5.55,2,0,0,0,7.0,2.0,7.0,2.0,1.0,False,False
6.0,1.0,1.0,1.0,12.0,41.51,0.29,3.5,11.86,145.3,0.01,8.07,4,0,0,0,7.0,4.0,8.0,4.0,1.0,False,False
36.0,5.0,1.0,4.0,95.0,475.0,0.07,13.34,35.6,6337.5,0.16,352.08,30,0,1,0,13.0,19.0,56.0,39.0,9.0,False,False
1.0,1.0,1.0,1.0,4.0,8.0,0.67,1.5,5.33,12.0,0.0,0.67,0,0,0,0,3.0,1.0,3.0,1.0,1.0,False,False
4.0,1.0,1.0,1.0,4.0,8.0,0.67,1.5,5.33,12.0,0.0,0.67,2,0,0,0,3.0,1.0,3.0,1.0,1.0,False,True
2.0,2.0,1.0,1.0,11.0,36.54,0.29,3.5,10.44,127.89,0.01,7.11,0,0,0,0,7.0,3.0,8.0,3.0,3.0,False,False
9.0,1.0,1.0,1.0,8.0,18.58,1.6,0.63,29.72,11.61,0.01,0.64,3,0,0,0,1.0,4.0,3.0,5.0,1.0,False,True
2.0,1.0,1.0,1.0,6.0,15.51,0.4,2.5,6.2,38.77,0.01,2.15,0,0,0,0,5.0,1.0,5.0,1.0,1.0,False,False
2.0,1.0,1.0,1.0,12.0,39.86,0.4,2.5,15.95,99.66,0.01,5.54,0,0,0,0,5.0,5.0,7.0,5.0,1.0,False,False
31.0,2.0,1.0,2.0,147.0,787.56,0.16,6.33,124.45,4983.78,0.26,276.88,28,0,1,0,9.0,32.0,102.0,45.0,3.0,False,False
3.0,1.0,1.0,1.0,1.0,0.0,0.0,0.0,0.0,0.0,0.0,0.0,1,0,0,0,1.0,0.0,1.0,0.0,1.0,False,False
4.0,1.0,1.0,1.0,5.0,10.0,0.67,1.5,6.67,15.0,0.0,0.83,1,0,0,0,2.0,2.0,2.0,3.0,1.0,False,False
48.0,9.0,7.0,6.0,74.0,355.74,0.04,23.4,15.2,8324.42,0.12,462.47,35,4,3,0,18.0,10.0,48.0,26.0,17.0,False,False
2.0,1.0,1.0,1.0,3.0,4.75,1.0,1.0,4.75,4.75,0.0,0.26,0,0,0,0,2.0,1.0,2.0,1.0,1.0,False,False
3.0,1.0,1.0,1.0,5.0,10.0,0.67,1.5,6.67,15.0,0.0,0.83,2,0,0,0,2.0,2.0,2.0,3.0,1.0,False,True
40.0,4.0,1.0,4.0,103.0,484.15,0.06,15.86,30.53,7677.16,0.16,426.51,32,0,1,0,12.0,14.0,66.0,37.0,7.0,False,False
29.0,3.0,1.0,3.0,64.0,300.83,0.11,9.17,32.82,2757.59,0.1,153.2,25,0,1,0,11.0,15.0,39.0,25.0,5.0,True,False
112.0,6.0,1.0,6.0,229.0,1305.4,0.06,16.5,79.12,21539.11,0.44,1196.62,77,18,15,0,13.0,39.0,130.0,99.0,11.0,False,False
32.0,4.0,3.0,4.0,88.0,440.0,0.1,9.92,44.35,4365.26,0.15,242.51,28,1,2,0,13.0,19.0,59.0,29.0,7.0,False,False
14.0,1.0,1.0,1.0,26.0,108.42,0.33,3.0,36.14,325.25,0.04,18.07,4,0,1,0,6.0,12.0,14.0,12.0,1.0,True,False
2.0,1.0,1.0,1.0,4.0,8.0,0.67,1.5,5.33,12.0,0.0,0.67,1,0,0,0,3.0,1.0,3.0,1.0,1.0,False,True
9.0,3.0,1.0,3.0,25.0,95.18,0.1,10.0,9.52,951.84,0.03,52.88,7,0,0,0,10.0,4.0,17.0,8.0,5.0,False,False
2.0,1.0,1.0,1.0,5.0,11.61,0.67,1.5,7.74,17.41,0.0,0.97,0,0,0,0,3.0,2.0,3.0,2.0,1.0,False,False
1.0,1.0,1.0,1.0,4.0,8.0,0.67,1.5,5.33,12.0,0.0,0.67,0,0,0,0,3.0,1.0,3.0,1.0,1.0,False,False
13.0,1.0,1.0,1.0,10.0,31.7,0.42,2.4,13.21,76.08,0.01,4.23,7,0,1,0,4.0,5.0,4.0,6.0,1.0,False,False
41.0,6.0,5.0,5.0,95.0,508.97,0.05,18.9,26.93,9619.48,0.17,534.42,29,0,9,0,21.0,20.0,59.0,36.0,11.0,True,False
11.0,1.0,1.0,1.0,6.0,15.51,2.0,0.5,31.02,7.75,0.01,0.43,7,0,0,0,1.0,5.0,1.0,5.0,1.0,False,True
20.0,1.0,1.0,1.0,62.0,291.43,0.18,5.56,52.46,1619.04,0.1,89.95,12,0,0,0,8.0,18.0,37.0,25.0,1.0,False,False
4.0,1.0,1.0,1.0,4.0,8.0,0.67,1.5,5.33,12.0,0.0,0.67,2,0,0,0,3.0,1.0,3.0,1.0,1.0,False,True
7.0,1.0,1.0,1.0,9.0,27.0,0.4,2.5,10.8,67.5,0.01,3.75,4,1,0,0,5.0,3.0,6.0,3.0,1.0,False,False
18.0,1.0,1.0,1.0,31.0,131.69,0.31,3.23,40.76,425.45,0.04,23.64,10,0,2,0,6.0,13.0,17.0,14.0,1.0,False,False
33.0,3.0,1.0,3.0,91.0,437.47,0.07,15.17,28.84,6634.95,0.15,368.61,29,0,2,0,13.0,15.0,56.0,35.0,5.0,False,False
57.0,10.0,1.0,10.0,119.0,610.38,0.08,13.0,46.95,7935.0,0.2,440.83,47,0,8,0,14.0,21.0,80.0,39.0,19.0,False,False
4.0,1.0,1.0,1.0,7.0,19.65,0.4,2.5,7.86,49.13,0.01,2.73,2,0,0,0,5.0,2.0,5.0,2.0,1.0,False,False
48.0,12.0,1.0,11.0,177.0,977.67,0.04,26.92,36.31,26321.9,0.33,1462.33,38,2,6,0,20.0,26.0,107.0,70.0,21.0,True,False
54.0,6.0,1.0,6.0,132.0,733.21,0.06,15.83,46.32,11604.88,0.24,644.72,45,0,7,0,18.0,29.0,81.0,51.0,11.0,False,False
61.0,8.0,5.0,8.0,142.0,760.77,0.05,18.78,40.5,14289.29,0.25,793.85,48,3,6,0,18.0,23.0,94.0,48.0,15.0,False,False
16.0,1.0,1.0,1.0,29.0,120.93,0.31,3.25,37.21,393.02,0.04,21.83,9,0,2,0,6.0,12.0,16.0,13.0,1.0,False,False
52.0,7.0,3.0,7.0,174.0,919.66,0.05,19.69,46.71,18105.81,0.31,1005.88,44,0,3,0,15.0,24.0,111.0,63.0,13.0,False,False
52.0,8.0,1.0,8.0,247.0,1440.72,0.04,23.08,62.43,33247.47,0.48,1847.08,45,0,2,3,18.0,39.0,147.0,100.0,15.0,True,False
1.0,1.0,1.0,1.0,4.0,8.0,0.67,1.5,5.33,12.0,0.0,0.67,0,0,0,0,3.0,1.0,3.0,1.0,1.0,False,False
12.0,1.0,1.0,1.0,34.0,141.78,0.19,5.2,27.26,737.24,0.05,40.96,8,0,0,0,8.0,10.0,21.0,13.0,1.0,False,False
4.0,1.0,1.0,1.0,5.0,11.61,0.5,2.0,5.8,23.22,0.0,1.29,2,0,0,0,4.0,1.0,4.0,1.0,1.0,False,False
34.0,2.0,1.0,2.0,56.0,245.97,0.09,11.0,22.36,2705.67,0.08,150.31,17,6,9,0,11.0,10.0,36.0,20.0,3.0,False,False
39.0,9.0,9.0,5.0,208.0,1233.59,0.03,35.34,34.9,43599.82,0.41,2422.21,29,0,8,0,29.0,32.0,130.0,78.0,17.0,True,False
9.0,1.0,1.0,1.0,19.0,72.34,0.25,4.0,18.08,289.36,0.02,16.07,4,0,2,0,7.0,7.0,11.0,8.0,1.0,False,False
4.0,1.0,1.0,1.0,4.0,8.0,0.67,1.5,5.33,12.0,0.0,0.67,0,0,0,0,3.0,1.0,3.0,1.0,1.0,False,False
64.0,6.0,1.0,6.0,145.0,760.95,0.04,27.0,28.18,20545.64,0.25,1141.42,45,5,3,7,18.0,20.0,85.0,60.0,11.0,False,False
2.0,1.0,1.0,1.0,0.0,0.0,0.0,0.0,0.0,0.0,0.0,0.0,0,0,0,0,0.0,0.0,0.0,0.0,1.0,False,False
44.0,7.0,5.0,7.0,80.0,416.76,0.1,10.23,40.75,4262.28,0.14,236.79,33,3,4,0,15.0,22.0,50.0,30.0,13.0,False,False
11.0,1.0,1.0,1.0,25.0,97.67,0.25,3.94,24.81,384.58,0.03,21.37,8,0,0,0,7.0,8.0,16.0,9.0,1.0,False,False
44.0,8.0,7.0,5.0,111.0,613.12,0.06,18.06,33.95,11072.86,0.2,615.16,34,2,3,1,21.0,25.0,68.0,43.0,15.0,False,False
6.0,1.0,1.0,1.0,9.0,28.53,0.33,3.0,9.51,85.59,0.01,4.75,4,0,0,0,6.0,3.0,6.0,3.0,1.0,False,False
9.0,1.0,1.0,1.0,11.0,34.87,0.32,3.12,11.16,108.97,0.01,6.05,4,2,0,0,5.0,4.0,6.0,5.0,1.0,False,False
6.0,1.0,1.0,1.0,5.0,11.61,0.67,1.5,7.74,17.41,0.0,0.97,2,0,0,0,3.0,2.0,3.0,2.0,1.0,False,True
9.0,1.0,1.0,1.0,11.0,36.54,0.33,3.0,12.18,109.62,0.01,6.09,6,0,1,0,6.0,4.0,7.0,4.0,1.0,False,False
7.0,2.0,1.0,2.0,10.0,30.0,0.22,4.5,6.67,135.0,0.01,7.5,5,0,0,0,6.0,2.0,7.0,3.0,3.0,False,False
1.0,1.0,1.0,1.0,4.0,8.0,0.67,1.5,5.33,12.0,0.0,0.67,0,0,0,0,3.0,1.0,3.0,1.0,1.0,False,False
2.0,1.0,1.0,1.0,12.0,39.86,0.4,2.5,15.95,99.66,0.01,5.54,0,0,0,0,5.0,5.0,7.0,5.0,1.0,False,False
2.0,1.0,1.0,1.0,0.0,0.0,0.0,0.0,0.0,0.0,0.0,0.0,0,0,0,0,0.0,0.0,0.0,0.0,1.0,False,False
3.0,1.0,1.0,1.0,1.0,0.0,0.0,0.0,0.0,0.0,0.0,0.0,1,0,0,0,1.0,0.0,1.0,0.0,1.0,False,False
73.0,7.0,1.0,7.0,167.0,917.14,0.07,13.81,66.4,12667.99,0.31,703.78,57,3,7,0,13.0,32.0,99.0,68.0,13.0,False,False
2.0,1.0,1.0,1.0,5.0,11.61,0.5,2.0,5.8,23.22,0.0,1.29,0,0,0,0,4.0,1.0,4.0,1.0,1.0,False,False
4.0,1.0,1.0,1.0,4.0,8.0,0.67,1.5,5.33,12.0,0.0,0.67,2,0,0,0,3.0,1.0,3.0,1.0,1.0,False,True
9.0,1.0,1.0,1.0,9.0,28.53,0.5,2.0,14.26,57.06,0.01,3.17,6,0,0,0,4.0,5.0,4.0,5.0,1.0,False,False
12.0,1.0,1.0,1.0,19.0,63.12,0.29,3.5,18.03,220.91,0.02,12.27,8,0,2,0,5.0,5.0,12.0,7.0,1.0,False,False
4.0,1.0,1.0,1.0,5.0,11.61,0.5,2.0,5.8,23.22,0.0,1.29,2,0,0,0,4.0,1.0,4.0,1.0,1.0,False,False
45.0,3.0,1.0,3.0,76.0,376.52,0.1,10.47,35.95,3942.99,0.13,219.05,25,6,8,2,13.0,18.0,47.0,29.0,5.0,False,False
4.0,1.0,1.0,1.0,4.0,8.0,0.67,1.5,5.33,12.0,0.0,0.67,2,0,0,0,3.0,1.0,3.0,1.0,1.0,False,True
13.0,1.0,1.0,1.0,7.0,16.25,1.33,0.75,21.67,12.19,0.01,0.68,8,0,1,0,1.0,4.0,1.0,6.0,1.0,True,True
4.0,1.0,1.0,1.0,5.0,11.61,0.67,1.5,7.74,17.41,0.0,0.97,0,0,0,0,3.0,2.0,3.0,2.0,1.0,False,False
1.0,1.0,1.0,1.0,4.0,8.0,0.67,1.5,5.33,12.0,0.0,0.67,0,0,0,0,3.0,1.0,3.0,1.0,1.0,False,False
5.0,2.0,1.0,1.0,17.0,68.0,0.22,4.5,15.11,306.0,0.02,17.0,3,0,0,0,9.0,7.0,10.0,7.0,3.0,False,False
25.0,3.0,1.0,2.0,50.0,226.18,0.1,10.08,22.43,2280.63,0.08,126.7,17,1,2,0,11.0,12.0,28.0,22.0,5.0,False,False
3.0,1.0,1.0,1.0,1.0,0.0,0.0,0.0,0.0,0.0,0.0,0.0,1,0,0,0,1.0,0.0,1.0,0.0,1.0,False,False
36.0,9.0,9.0,9.0,102.0,485.0,0.06,16.88,28.74,8184.35,0.16,454.69,32,1,1,0,15.0,12.0,75.0,27.0,17.0,False,False
21.0,2.0,1.0,2.0,61.0,279.68,0.16,6.43,43.51,1797.96,0.09,99.89,15,0,0,0,10.0,14.0,43.0,18.0,3.0,True,False
2.0,1.0,1.0,1.0,4.0,8.0,0.67,1.5,5.33,12.0,0.0,0.67,0,0,0,0,3.0,1.0,3.0,1.0,1.0,False,False
15.0,1.0,1.0,1.0,0.0,0.0,0.0,0.0,0.0,0.0,0.0,0.0,0,0,0,0,0.0,0.0,0.0,0.0,1.0,False,False
4.0,1.0,1.0,1.0,3.0,4.75,1.0,1.0,4.75,4.75,0.0,0.26,0,0,0,0,2.0,1.0,2.0,1.0,1.0,False,False
8.0,2.0,1.0,1.0,21.0,85.84,0.14,7.33,11.71,629.47,0.03,34.97,5,0,1,0,11.0,6.0,13.0,8.0,3.0,False,False
4.0,1.0,1.0,1.0,9.0,28.53,0.29,3.5,8.15,99.85,0.01,5.55,2,0,0,0,7.0,2.0,7.0,2.0,1.0,False,False
2.0,1.0,1.0,1.0,4.0,8.0,0.67,1.5,5.33,12.0,0.0,0.67,0,0,0,0,3.0,1.0,3.0,1.0,1.0,False,False
30.0,3.0,1.0,3.0,53.0,221.01,0.09,10.63,20.8,2348.19,0.07,130.44,21,5,2,0,10.0,8.0,36.0,17.0,5.0,False,False
8.0,1.0,1.0,1.0,4.0,8.0,2.0,0.5,16.0,4.0,0.0,0.22,5,0,0,0,1.0,3.0,1.0,3.0,1.0,False,True
2.0,1.0,1.0,1.0,4.0,8.0,0.67,1.5,5.33,12.0,0.0,0.67,0,0,0,0,3.0,1.0,3.0,1.0,1.0,False,False
2.0,1.0,1.0,1.0,5.0,11.61,0.67,1.5,7.74,17.41,0.0,0.97,0,0,0,0,3.0,2.0,3.0,2.0,1.0,False,False
23.0,8.0,8.0,8.0,109.0,545.0,0.07,14.71,37.05,8017.24,0.18,445.4,19,0,1,0,13.0,19.0,66.0,43.0,15.0,True,False
3.0,1.0,1.0,1.0,14.0,44.38,0.25,4.0,11.09,177.52,0.01,9.86,0,0,0,0,8.0,1.0,13.0,1.0,1.0,False,False
4.0,1.0,1.0,1.0,3.0,4.75,1.0,1.0,4.75,4.75,0.0,0.26,0,0,0,0,2.0,1.0,2.0,1.0,1.0,False,False
16.0,4.0,1.0,1.0,37.0,157.17,0.11,8.94,17.59,1404.74,0.05,78.04,13,0,1,0,11.0,8.0,24.0,13.0,5.0,False,False
2.0,1.0,1.0,1.0,5.0,11.61,0.5,2.0,5.8,23.22,0.0,1.29,0,0,0,0,4.0,1.0,4.0,1.0,1.0,False,False
1.0,1.0,1.0,1.0,4.0,8.0,0.67,1.5,5.33,12.0,0.0,0.67,0,0,0,0,3.0,1.0,3.0,1.0,1.0,False,False
3.0,1.0,1.0,1.0,1.0,0.0,0.0,0.0,0.0,0.0,0.0,0.0,1,0,0,0,1.0,0.0,1.0,0.0,1.0,False,False
23.0,1.0,1.0,1.0,69.0,331.71,0.18,5.6,59.23,1857.56,0.11,103.2,13,0,0,0,8.0,20.0,41.0,28.0,1.0,True,False
22.0,2.0,1.0,2.0,50.0,219.62,0.11,9.35,23.49,2053.4,0.07,114.08,16,0,1,1,11.0,10.0,33.0,17.0,3.0,False,False
4.0,1.0,1.0,1.0,6.0,15.51,0.5,2.0,7.75,31.02,0.01,1.72,2,0,0,0,4.0,2.0,4.0,2.0,1.0,False,False
4.0,1.0,1.0,1.0,4.0,8.0,0.67,1.5,5.33,12.0,0.0,0.67,0,0,0,0,3.0,1.0,3.0,1.0,1.0,False,False
1.0,1.0,1.0,1.0,4.0,8.0,0.67,1.5,5.33,12.0,0.0,0.67,0,0,0,0,3.0,1.0,3.0,1.0,1.0,False,False
17.0,1.0,1.0,1.0,40.0,175.69,0.17,6.0,29.28,1054.16,0.06,58.56,9,1,3,0,9.0,12.0,24.0,16.0,1.0,False,False
2.0,2.0,1.0,2.0,9.0,27.0,0.14,7.0,3.86,189.0,0.01,10.5,0,0,0,0,7.0,1.0,7.0,2.0,3.0,False,False
3.0,1.0,1.0,1.0,1.0,0.0,0.0,0.0,0.0,0.0,0.0,0.0,1,0,0,0,1.0,0.0,1.0,0.0,1.0,False,False
3.0,1.0,1.0,1.0,1.0,0.0,0.0,0.0,0.0,0.0,0.0,0.0,1,0,0,0,1.0,0.0,1.0,0.0,1.0,False,False
2.0,1.0,1.0,1.0,10.0,31.7,0.4,2.5,12.68,79.25,0.01,4.4,0,0,0,0,5.0,4.0,6.0,4.0,1.0,False,False
18.0,1.0,1.0,1.0,45.0,203.56,0.12,8.25,24.67,1679.37,0.07,93.3,12,0,1,0,11.0,12.0,27.0,18.0,1.0,False,False
34.0,5.0,4.0,4.0,66.0,320.63,0.09,10.73,29.87,3441.39,0.11,191.19,30,0,2,0,14.0,15.0,43.0,23.0,9.0,False,False
4.0,1.0,1.0,1.0,5.0,11.61,0.5,2.0,5.8,23.22,0.0,1.29,2,0,0,0,4.0,1.0,4.0,1.0,1.0,False,False
30.0,2.0,1.0,2.0,74.0,330.0,0.08,12.5,26.4,4124.97,0.11,229.17,24,2,2,0,10.0,12.0,44.0,30.0,3.0,True,False
3.0,1.0,1.0,1.0,5.0,11.61,0.67,1.5,7.74,17.41,0.0,0.97,2,0,0,0,3.0,2.0,3.0,2.0,1.0,False,True
100.0,7.0,3.0,6.0,362.0,2281.97,0.04,26.82,85.07,61212.81,0.76,3400.71,86,2,9,0,22.0,57.0,223.0,139.0,12.0,True,False
8.0,2.0,1.0,2.0,15.0,51.89,0.28,3.6,14.41,186.81,0.02,10.38,6,0,0,0,6.0,5.0,9.0,6.0,3.0,False,False
1.0,1.0,1.0,1.0,5.0,11.61,0.67,1.5,7.74,17.41,0.0,0.97,0,0,0,0,3.0,2.0,3.0,2.0,1.0,False,False
24.0,2.0,1.0,2.0,65.0,322.02,0.14,6.9,46.64,2223.49,0.11,123.53,19,0,1,0,10.0,21.0,36.0,29.0,3.0,False,False
21.0,2.0,1.0,2.0,57.0,257.83,0.13,7.71,33.42,1989.07,0.09,110.5,13,0,2,0,9.0,14.0,33.0,24.0,3.0,False,False
17.0,3.0,1.0,3.0,31.0,124.0,0.2,5.0,24.8,620.0,0.04,34.44,11,0,4,0,8.0,8.0,21.0,10.0,5.0,True,False
13.0,1.0,1.0,1.0,31.0,133.98,0.25,4.04,33.18,541.07,0.04,30.06,10,1,0,0,7.0,13.0,16.0,15.0,1.0,False,False
10.0,1.0,1.0,1.0,17.0,64.73,0.33,3.0,21.58,194.18,0.02,10.79,6,0,0,0,6.0,8.0,9.0,8.0,1.0,False,False
47.0,6.0,1.0,6.0,149.0,745.0,0.06,16.2,45.99,12069.0,0.25,670.5,41,2,1,0,12.0,20.0,95.0,54.0,11.0,True,False
30.0,3.0,1.0,3.0,81.0,361.21,0.09,11.67,30.96,4214.16,0.12,234.12,23,1,1,0,10.0,12.0,53.0,28.0,5.0,False,False
4.0,1.0,1.0,1.0,4.0,8.0,0.67,1.5,5.33,12.0,0.0,0.67,2,0,0,0,3.0,1.0,3.0,1.0,1.0,False,True
6.0,1.0,1.0,1.0,14.0,48.43,0.4,2.5,19.37,121.08,0.02,6.73,4,0,0,0,5.0,6.0,8.0,6.0,1.0,True,False
82.0,16.0,13.0,16.0,204.0,1106.96,0.06,16.45,67.29,18211.24,0.37,1011.74,75,2,3,0,12.0,31.0,119.0,85.0,31.0,True,False
1.0,1.0,1.0,1.0,4.0,8.0,0.67,1.5,5.33,12.0,0.0,0.67,0,0,0,0,3.0,1.0,3.0,1.0,1.0,False,False
15.0,1.0,1.0,1.0,28.0,112.0,0.2,5.0,22.4,560.0,0.04,31.11,7,1,2,0,8.0,8.0,18.0,10.0,1.0,False,False
34.0,9.0,7.0,6.0,83.0,399.01,0.06,16.73,23.85,6675.75,0.13,370.88,24,0,6,0,15.0,13.0,54.0,29.0,17.0,False,False
1.0,1.0,1.0,1.0,6.0,15.51,0.0,0.0,0.0,0.0,0.01,0.0,0,0,0,0,6.0,0.0,6.0,0.0,1.0,False,False
14.0,3.0,3.0,3.0,40.0,169.92,0.11,8.94,19.01,1518.63,0.06,84.37,10,0,1,0,11.0,8.0,27.0,13.0,5.0,True,False
131.0,18.0,1.0,18.0,363.0,2169.75,0.04,24.68,87.91,53551.34,0.72,2975.07,113,4,10,0,16.0,47.0,218.0,145.0,35.0,False,False
74.0,5.0,3.0,4.0,131.0,727.65,0.07,14.45,50.35,10515.73,0.24,584.21,46,9,11,3,16.0,31.0,75.0,56.0,9.0,True,False
1.0,1.0,1.0,1.0,4.0,8.0,0.67,1.5,5.33,12.0,0.0,0.67,0,0,0,0,3.0,1.0,3.0,1.0,1.0,False,False
59.0,6.0,1.0,6.0,176.0,855.0,0.05,21.88,39.07,18709.51,0.29,1039.42,48,3,4,0,12.0,17.0,114.0,62.0,11.0,False,False
9.0,3.0,3.0,2.0,50.0,216.1,0.07,13.5,16.01,2917.3,0.07,162.07,5,0,2,0,12.0,8.0,32.0,18.0,5.0,True,False
4.0,1.0,1.0,1.0,6.0,15.51,0.5,2.0,7.75,31.02,0.01,1.72,2,0,0,0,4.0,2.0,4.0,2.0,1.0,False,False
1.0,1.0,1.0,1.0,4.0,8.0,0.67,1.5,5.33,12.0,0.0,0.67,0,0,0,0,3.0,1.0,3.0,1.0,1.0,False,False
4.0,1.0,1.0,1.0,7.0,19.65,0.4,2.5,7.86,49.13,0.01,2.73,2,0,0,0,5.0,2.0,5.0,2.0,1.0,False,False
15.0,2.0,1.0,2.0,35.0,136.74,0.13,7.43,18.41,1015.79,0.05,56.43,9,0,1,1,8.0,7.0,22.0,13.0,3.0,True,False
2.0,1.0,1.0,1.0,3.0,4.75,1.0,1.0,4.75,4.75,0.0,0.26,0,0,0,0,2.0,1.0,2.0,1.0,1.0,False,False
27.0,5.0,1.0,4.0,93.0,408.49,0.05,21.33,19.15,8714.36,0.14,484.13,20,0,5,0,12.0,9.0,61.0,32.0,9.0,True,False
3.0,1.0,1.0,1.0,1.0,0.0,0.0,0.0,0.0,0.0,0.0,0.0,1,0,0,0,1.0,0.0,1.0,0.0,1.0,False,False
14.0,1.0,1.0,1.0,34.0,141.78,0.19,5.2,27.26,737.24,0.05,40.96,8,0,0,0,8.0,10.0,21.0,13.0,1.0,False,False
12.0,1.0,1.0,1.0,25.0,100.0,0.2,5.0,20.0,500.0,0.03,27.78,7,0,0,0,8.0,8.0,15.0,10.0,1.0,False,False
2.0,1.0,1.0,1.0,5.0,11.61,0.5,2.0,5.8,23.22,0.0,1.29,0,0,0,0,4.0,1.0,4.0,1.0,1.0,False,False
49.0,5.0,1.0,5.0,110.0,550.0,0.07,14.78,37.22,8127.78,0.18,451.54,40,2,4,1,14.0,18.0,72.0,38.0,9.0,False,False
2.0,1.0,1.0,1.0,4.0,8.0,0.67,1.5,5.33,12.0,0.0,0.67,0,0,0,0,3.0,1.0,3.0,1.0,1.0,False,False
32.0,4.0,1.0,4.0,85.0,421.11,0.11,9.47,44.45,3989.43,0.14,221.64,25,0,2,0,12.0,19.0,55.0,30.0,7.0,False,False
12.0,1.0,1.0,1.0,34.0,136.0,0.17,6.0,22.67,816.0,0.05,45.33,7,0,1,0,8.0,8.0,22.0,12.0,1.0,False,False
43.0,4.0,1.0,4.0,105.0,525.0,0.08,12.9,40.7,6772.5,0.18,376.25,37,0,3,0,12.0,20.0,62.0,43.0,7.0,False,False
7.0,1.0,1.0,1.0,12.0,36.0,0.4,2.5,14.4,90.0,0.01,5.0,5,0,1,0,4.0,4.0,7.0,5.0,1.0,False,False
8.0,1.0,1.0,1.0,9.0,25.27,0.67,1.5,16.84,37.9,0.01,2.11,3,0,0,0,3.0,4.0,5.0,4.0,1.0,False,True
15.0,2.0,1.0,2.0,30.0,131.77,0.19,5.25,25.1,691.79,0.04,38.43,8,1,1,0,9.0,12.0,16.0,14.0,3.0,True,False
19.0,2.0,1.0,2.0,41.0,177.2,0.14,7.0,25.31,1240.39,0.06,68.91,17,0,0,0,10.0,10.0,27.0,14.0,3.0,False,False
12.0,1.0,1.0,1.0,21.0,82.04,0.25,3.94,20.84,323.05,0.03,17.95,5,3,2,0,7.0,8.0,12.0,9.0,1.0,False,False
18.0,1.0,1.0,1.0,40.0,166.8,0.18,5.41,30.84,902.22,0.06,50.12,9,0,4,0,7.0,11.0,23.0,17.0,1.0,False,False
10.0,1.0,1.0,1.0,8.0,24.0,0.4,2.5,9.6,60.0,0.01,3.33,4,0,1,0,5.0,3.0,5.0,3.0,1.0,False,False
1.0,1.0,1.0,1.0,4.0,8.0,0.67,1.5,5.33,12.0,0.0,0.67,0,0,0,0,3.0,1.0,3.0,1.0,1.0,False,False
14.0,1.0,1.0,1.0,16.0,44.92,0.38,2.67,16.84,119.78,0.01,6.65,5,3,4,0,4.0,3.0,12.0,4.0,1.0,False,False
22.0,1.0,1.0,1.0,69.0,331.71,0.18,5.6,59.23,1857.56,0.11,103.2,13,0,0,0,8.0,20.0,41.0,28.0,1.0,False,False
2.0,1.0,1.0,1.0,4.0,8.0,0.67,1.5,5.33,12.0,0.0,0.67,0,0,0,0,3.0,1.0,3.0,1.0,1.0,False,False
38.0,4.0,4.0,4.0,69.0,331.71,0.07,13.85,23.96,4592.87,0.11,255.16,27,6,3,0,15.0,13.0,45.0,24.0,7.0,False,False
4.0,1.0,1.0,1.0,7.0,19.65,0.4,2.5,7.86,49.13,0.01,2.73,2,0,0,0,5.0,2.0,5.0,2.0,1.0,False,False
55.0,5.0,1.0,5.0,118.0,605.26,0.1,10.08,60.03,6102.99,0.2,339.06,48,0,0,0,11.0,24.0,74.0,44.0,8.0,True,False
18.0,3.0,1.0,2.0,26.0,101.58,0.14,7.0,14.51,711.05,0.03,39.5,10,1,2,3,10.0,5.0,19.0,7.0,4.0,False,False
24.0,4.0,1.0,4.0,68.0,303.24,0.12,8.29,36.6,2512.57,0.1,139.59,19,0,0,0,8.0,14.0,39.0,29.0,7.0,False,False
4.0,1.0,1.0,1.0,6.0,15.51,0.5,2.0,7.75,31.02,0.01,1.72,2,0,0,0,4.0,2.0,4.0,2.0,1.0,False,False
4.0,1.0,1.0,1.0,4.0,8.0,1.0,1.0,8.0,8.0,0.0,0.44,1,0,0,0,2.0,2.0,2.0,2.0,1.0,False,True
2.0,1.0,1.0,1.0,4.0,8.0,0.67,1.5,5.33,12.0,0.0,0.67,0,0,0,0,3.0,1.0,3.0,1.0,1.0,False,False
18.0,1.0,1.0,1.0,50.0,200.0,0.1,10.29,19.44,2057.13,0.07,114.29,14,0,2,0,9.0,7.0,34.0,16.0,1.0,False,False
11.0,1.0,1.0,1.0,15.0,49.83,0.27,3.75,13.29,186.86,0.02,10.38,5,2,2,0,6.0,4.0,10.0,5.0,1.0,False,False
91.0,9.0,4.0,8.0,199.0,1117.33,0.06,16.97,65.84,18960.71,0.37,1053.37,70,6,13,0,16.0,33.0,129.0,70.0,17.0,False,False
1.0,1.0,1.0,1.0,4.0,8.0,0.67,1.5,5.33,12.0,0.0,0.67,0,0,0,0,3.0,1.0,3.0,1.0,1.0,False,False
27.0,2.0,1.0,2.0,50.0,216.1,0.13,7.77,27.8,1679.66,0.07,93.31,16,5,4,0,9.0,11.0,31.0,19.0,3.0,False,False
77.0,13.0,8.0,13.0,196.0,1070.05,0.05,19.52,54.82,20885.76,0.36,1160.32,68,4,3,0,17.0,27.0,134.0,62.0,25.0,False,False
1.0,1.0,1.0,1.0,4.0,8.0,0.67,1.5,5.33,12.0,0.0,0.67,0,0,0,0,3.0,1.0,3.0,1.0,1.0,False,False
4.0,1.0,1.0,1.0,4.0,8.0,0.67,1.5,5.33,12.0,0.0,0.67,0,0,0,0,3.0,1.0,3.0,1.0,1.0,False,False
11.0,1.0,1.0,1.0,18.0,66.61,0.21,4.8,13.88,319.72,0.02,17.76,7,0,2,0,8.0,5.0,12.0,6.0,1.0,False,False
35.0,4.0,1.0,4.0,85.0,432.43,0.07,13.82,31.3,5974.42,0.14,331.91,28,1,3,1,15.0,19.0,50.0,35.0,7.0,True,False
5.0,1.0,1.0,1.0,7.0,19.65,0.5,2.0,9.83,39.3,0.01,2.18,4,0,0,0,4.0,3.0,4.0,3.0,1.0,False,False
2.0,1.0,1.0,1.0,5.0,11.61,0.67,1.5,7.74,17.41,0.0,0.97,0,0,0,0,3.0,2.0,3.0,2.0,1.0,False,False
46.0,3.0,1.0,3.0,62.0,284.27,0.09,11.0,25.84,3126.94,0.09,173.72,24,11,9,0,12.0,12.0,40.0,22.0,5.0,False,False
9.0,1.0,1.0,1.0,20.0,78.14,0.33,3.0,26.05,234.41,0.03,13.02,4,0,1,0,6.0,9.0,11.0,9.0,1.0,False,False
12.0,3.0,3.0,3.0,33.0,134.89,0.11,9.17,14.71,1236.46,0.04,68.69,9,0,1,0,11.0,6.0,23.0,10.0,5.0,False,False
66.0,9.0,1.0,9.0,179.0,952.63,0.06,17.5,54.44,16670.93,0.32,926.16,48,4,12,0,14.0,26.0,114.0,65.0,17.0,False,False
1.0,1.0,1.0,1.0,4.0,8.0,0.67,1.5,5.33,12.0,0.0,0.67,0,0,0,0,3.0,1.0,3.0,1.0,1.0,False,False
23.0,5.0,1.0,5.0,76.0,372.92,0.07,14.5,25.72,5407.39,0.12,300.41,20,0,1,0,15.0,15.0,47.0,29.0,9.0,False,False
162.0,17.0,12.0,16.0,334.0,2011.47,0.03,35.6,56.51,71598.78,0.67,3977.71,114,35,11,0,23.0,42.0,204.0,130.0,33.0,True,False
38.0,6.0,3.0,6.0,120.0,564.05,0.05,18.5,30.49,10434.98,0.19,579.72,34,0,2,0,13.0,13.0,83.0,37.0,11.0,False,False
2.0,1.0,1.0,1.0,7.0,18.09,1.0,1.0,18.09,18.09,0.01,1.01,1,0,0,0,2.0,4.0,3.0,4.0,1.0,False,False
12.0,2.0,1.0,2.0,27.0,114.69,0.15,6.87,16.68,788.52,0.04,43.81,8,0,1,0,11.0,8.0,17.0,10.0,3.0,False,False
1.0,1.0,1.0,1.0,4.0,8.0,0.67,1.5,5.33,12.0,0.0,0.67,0,0,0,0,3.0,1.0,3.0,1.0,1.0,False,False
15.0,1.0,1.0,1.0,41.0,177.2,0.19,5.33,33.22,945.06,0.06,52.5,9,0,0,0,8.0,12.0,25.0,16.0,1.0,True,False
40.0,4.0,1.0,4.0,100.0,500.0,0.07,15.17,32.97,7583.33,0.17,421.3,36,0,2,0,14.0,18.0,61.0,39.0,7.0,False,False
53.0,6.0,4.0,5.0,131.0,706.39,0.06,17.25,40.95,12185.29,0.24,676.96,39,2,9,1,18.0,24.0,85.0,46.0,11.0,False,False
11.0,1.0,1.0,1.0,24.0,91.38,0.22,4.5,20.31,411.19,0.03,22.84,6,0,0,0,7.0,7.0,15.0,9.0,1.0,True,False
17.0,2.0,1.0,2.0,25.0,92.51,0.16,6.4,14.45,592.07,0.03,32.89,12,0,3,0,8.0,5.0,17.0,8.0,3.0,False,False
1.0,1.0,1.0,1.0,4.0,8.0,0.67,1.5,5.33,12.0,0.0,0.67,0,0,0,0,3.0,1.0,3.0,1.0,1.0,False,False
16.0,1.0,1.0,1.0,43.0,175.76,0.16,6.27,28.02,1102.5,0.06,61.25,14,0,1,0,6.0,11.0,20.0,23.0,1.0,True,False
2.0,1.0,1.0,1.0,5.0,11.61,0.67,1.5,7.74,17.41,0.0,0.97,0,0,0,0,3.0,2.0,3.0,2.0,1.0,False,False
17.0,2.0,1.0,2.0,37.0,159.91,0.17,6.0,26.65,959.47,0.05,53.3,14,0,0,0,10.0,10.0,25.0,12.0,3.0,False,False
3.0,1.0,1.0,1.0,1.0,0.0,0.0,0.0,0.0,0.0,0.0,0.0,1,0,0,0,0.0,1.0,0.0,1.0,1.0,False,False
2.0,1.0,1.0,1.0,10.0,31.7,0.4,2.5,12.68,79.25,0.01,4.4,0,0,0,0,5.0,4.0,6.0,4.0,1.0,False,False
1.0,1.0,1.0,1.0,5.0,11.61,0.67,1.5,7.74,17.41,0.0,0.97,0,0,0,0,3.0,2.0,3.0,2.0,1.0,False,False
79.0,7.0,1.0,4.0,217.0,1271.18,0.06,16.07,79.11,20425.58,0.42,1134.75,61,2,11,3,14.0,44.0,116.0,101.0,13.0,False,False
2.0,1.0,1.0,1.0,4.0,8.0,0.67,1.5,5.33,12.0,0.0,0.67,0,0,0,0,3.0,1.0,3.0,1.0,1.0,False,False
22.0,1.0,1.0,1.0,35.0,153.73,0.31,3.2,48.04,491.94,0.05,27.33,12,0,2,0,6.0,15.0,19.0,16.0,1.0,False,False
78.0,11.0,1.0,11.0,227.0,1318.27,0.05,19.4,67.96,25571.05,0.44,1420.61,60,7,7,0,17.0,39.0,138.0,89.0,21.0,True,False
1.0,1.0,1.0,1.0,4.0,8.0,0.67,1.5,5.33,12.0,0.0,0.67,0,0,0,0,3.0,1.0,3.0,1.0,1.0,False,False
134.0,15.0,8.0,14.0,303.0,1804.12,0.03,30.22,59.7,54519.67,0.6,3028.87,90,11,28,3,21.0,41.0,185.0,118.0,29.0,True,False
2.0,1.0,1.0,1.0,5.0,11.61,0.67,1.5,7.74,17.41,0.0,0.97,0,0,0,0,3.0,2.0,3.0,2.0,1.0,False,False
13.0,2.0,1.0,2.0,29.0,107.31,0.11,9.0,11.92,965.81,0.04,53.66,10,0,1,0,9.0,4.0,21.0,8.0,3.0,False,False
1.0,1.0,1.0,1.0,4.0,8.0,0.67,1.5,5.33,12.0,0.0,0.67,0,0,0,0,3.0,1.0,3.0,1.0,1.0,False,False
10.0,1.0,1.0,1.0,16.0,55.35,0.28,3.6,15.38,199.26,0.02,11.07,6,0,0,1,6.0,5.0,10.0,6.0,1.0,False,False
32.0,3.0,1.0,3.0,62.0,301.19,0.11,9.34,32.22,2814.29,0.1,156.35,23,4,3,0,13.0,16.0,39.0,23.0,5.0,False,False
4.0,1.0,1.0,1.0,7.0,19.65,0.4,2.5,7.86,49.13,0.01,2.73,2,0,0,0,5.0,2.0,5.0,2.0,1.0,False,False
37.0,5.0,3.0,5.0,91.0,455.0,0.09,10.61,42.9,4825.39,0.15,268.08,33,1,2,0,13.0,19.0,60.0,31.0,8.0,False,False
34.0,5.0,1.0,5.0,99.0,490.47,0.05,18.75,26.16,9196.23,0.16,510.9,27,0,2,0,15.0,16.0,59.0,40.0,9.0,True,False
136.0,19.0,9.0,18.0,334.0,2004.0,0.04,24.07,83.27,48229.6,0.67,2679.42,116,2,14,2,19.0,45.0,220.0,114.0,37.0,False,False
11.0,1.0,1.0,1.0,27.0,102.8,0.2,5.0,20.56,513.99,0.03,28.56,7,0,1,0,7.0,7.0,17.0,10.0,1.0,False,False
23.0,1.0,1.0,1.0,38.0,171.9,0.27,3.72,46.22,639.24,0.06,35.51,13,0,2,0,7.0,16.0,21.0,17.0,1.0,False,False
2.0,1.0,1.0,1.0,5.0,11.61,0.67,1.5,7.74,17.41,0.0,0.97,0,0,0,0,3.0,2.0,3.0,2.0,1.0,False,False
14.0,1.0,1.0,1.0,26.0,106.27,0.2,4.89,21.74,519.55,0.04,28.86,8,0,0,0,8.0,9.0,15.0,11.0,1.0,False,False
58.0,5.0,3.0,4.0,122.0,684.99,0.09,10.6,64.62,7260.94,0.23,403.39,36,14,6,0,14.0,35.0,69.0,53.0,9.0,False,False
24.0,3.0,3.0,3.0,69.0,312.13,0.15,6.56,47.56,2048.33,0.1,113.8,19,0,3,0,7.0,16.0,39.0,30.0,5.0,False,False
7.0,1.0,1.0,1.0,14.0,50.19,0.33,3.0,16.73,150.57,0.02,8.36,3,0,0,0,6.0,6.0,8.0,6.0,1.0,False,False
4.0,1.0,1.0,1.0,5.0,11.61,0.5,2.0,5.8,23.22,0.0,1.29,2,0,0,0,4.0,1.0,4.0,1.0,1.0,False,False
2.0,1.0,1.0,1.0,4.0,8.0,0.67,1.5,5.33,12.0,0.0,0.67,0,0,0,0,3.0,1.0,3.0,1.0,1.0,False,False
29.0,4.0,1.0,3.0,56.0,260.06,0.12,8.64,30.09,2247.63,0.09,124.87,22,1,2,0,11.0,14.0,34.0,22.0,7.0,False,False
21.0,3.0,1.0,3.0,84.0,427.35,0.21,4.67,91.57,1994.29,0.14,110.79,19,0,0,0,7.0,27.0,48.0,36.0,5.0,False,False
16.0,1.0,1.0,1.0,28.0,109.39,0.22,4.57,23.93,500.08,0.04,27.78,11,1,1,0,8.0,7.0,20.0,8.0,3.0,True,False
25.0,1.0,1.0,1.0,82.0,433.4,0.23,4.27,101.6,1848.73,0.14,102.71,16,1,3,3,7.0,32.0,43.0,39.0,1.0,False,False
1.0,1.0,1.0,1.0,4.0,8.0,0.67,1.5,5.33,12.0,0.0,0.67,0,0,0,0,3.0,1.0,3.0,1.0,1.0,False,False
3.0,1.0,1.0,1.0,9.0,23.26,0.5,2.0,11.63,46.53,0.01,2.58,1,0,0,0,3.0,3.0,5.0,4.0,1.0,False,False
39.0,3.0,1.0,3.0,104.0,494.51,0.07,14.4,34.34,7120.92,0.16,395.61,29,2,4,0,12.0,15.0,68.0,36.0,5.0,False,False
2.0,1.0,1.0,1.0,6.0,15.51,0.4,2.5,6.2,38.77,0.01,2.15,0,0,0,0,5.0,1.0,5.0,1.0,1.0,False,False
35.0,3.0,1.0,3.0,105.0,546.99,0.08,12.78,42.79,6991.99,0.18,388.44,26,4,3,0,14.0,23.0,63.0,42.0,5.0,True,False
4.0,1.0,1.0,1.0,4.0,8.0,0.67,1.5,5.33,12.0,0.0,0.67,2,0,0,0,3.0,1.0,3.0,1.0,1.0,False,True
4.0,1.0,1.0,1.0,7.0,19.65,0.4,2.5,7.86,49.13,0.01,2.73,2,0,0,0,5.0,2.0,5.0,2.0,1.0,False,False
1.0,1.0,1.0,1.0,4.0,8.0,0.67,1.5,5.33,12.0,0.0,0.67,0,0,0,0,3.0,1.0,3.0,1.0,1.0,False,False
4.0,1.0,1.0,1.0,6.0,15.51,0.5,2.0,7.75,31.02,0.01,1.72,0,0,0,0,4.0,2.0,4.0,2.0,1.0,False,False
4.0,1.0,1.0,1.0,5.0,11.61,0.67,1.5,7.74,17.41,0.0,0.97,2,0,0,0,3.0,2.0,3.0,2.0,1.0,False,True
75.0,9.0,6.0,9.0,284.0,1746.53,0.03,30.43,57.39,53155.21,0.58,2953.07,52,1,18,0,25.0,46.0,172.0,112.0,17.0,True,False
116.0,12.0,6.0,12.0,382.0,2467.5,0.06,18.0,137.08,44415.05,0.82,2467.5,97,2,15,0,18.0,70.0,242.0,140.0,23.0,True,False
2.0,1.0,1.0,1.0,4.0,8.0,0.67,1.5,5.33,12.0,0.0,0.67,0,0,0,0,3.0,1.0,3.0,1.0,1.0,False,False
19.0,5.0,5.0,4.0,84.0,423.73,0.07,14.17,29.91,6002.83,0.14,333.49,14,0,3,0,15.0,18.0,50.0,34.0,9.0,True,False
4.0,1.0,1.0,1.0,7.0,19.65,0.4,2.5,7.86,49.13,0.01,2.73,2,0,0,0,5.0,2.0,5.0,2.0,1.0,False,False
3.0,1.0,1.0,1.0,5.0,11.61,0.67,1.5,7.74,17.41,0.0,0.97,0,0,0,0,3.0,2.0,3.0,2.0,1.0,False,False
132.0,14.0,8.0,13.0,331.0,2028.79,0.03,28.71,70.65,58255.33,0.68,3236.41,110,11,9,0,21.0,49.0,197.0,134.0,26.0,True,False
2.0,1.0,1.0,1.0,16.0,59.21,0.29,3.5,16.92,207.22,0.02,11.51,0,0,0,0,7.0,6.0,10.0,6.0,1.0,False,False
6.0,2.0,1.0,2.0,19.0,76.0,0.2,5.0,15.2,380.0,0.03,21.11,4,0,0,0,10.0,6.0,13.0,6.0,3.0,False,False
5.0,1.0,1.0,1.0,9.0,27.0,0.33,3.0,9.0,81.0,0.01,4.5,2,0,0,1,6.0,2.0,7.0,2.0,1.0,False,False
10.0,1.0,1.0,1.0,17.0,58.81,0.34,2.92,20.16,171.53,0.02,9.53,5,0,2,0,5.0,6.0,10.0,7.0,1.0,False,False
1.0,1.0,1.0,1.0,0.0,0.0,0.0,0.0,0.0,0.0,0.0,0.0,0,0,0,0,0.0,0.0,0.0,0.0,1.0,False,False
23.0,1.0,1.0,1.0,65.0,301.85,0.08,12.18,24.79,3676.11,0.1,204.23,16,0,5,0,11.0,14.0,34.0,31.0,1.0,False,False
24.0,2.0,1.0,2.0,50.0,212.4,0.15,6.55,32.45,1390.23,0.07,77.24,17,1,3,0,8.0,11.0,32.0,18.0,3.0,False,False
6.0,1.0,1.0,1.0,10.0,31.7,0.33,3.0,10.57,95.1,0.01,5.28,4,0,0,0,6.0,3.0,7.0,3.0,1.0,False,False
39.0,5.0,3.0,5.0,86.0,430.0,0.09,11.67,36.86,5016.67,0.14,278.7,33,1,1,0,14.0,18.0,56.0,30.0,8.0,True,False
63.0,8.0,5.0,8.0,133.0,730.42,0.06,17.0,42.97,12417.08,0.24,689.84,54,1,6,0,18.0,27.0,82.0,51.0,15.0,True,False
150.0,17.0,8.0,15.0,317.0,1894.8,0.03,35.08,54.02,66460.03,0.63,3692.22,92,13,34,9,23.0,40.0,195.0,122.0,33.0,False,False
9.0,1.0,1.0,1.0,25.0,83.05,0.39,2.57,32.29,213.55,0.03,11.86,7,0,0,0,3.0,7.0,13.0,12.0,1.0,False,False
9.0,1.0,1.0,1.0,8.0,24.0,0.4,2.5,9.6,60.0,0.01,3.33,4,0,1,0,5.0,3.0,5.0,3.0,1.0,False,False
10.0,1.0,1.0,1.0,5.0,11.61,2.0,0.5,23.22,5.8,0.0,0.32,6,0,0,0,1.0,4.0,1.0,4.0,1.0,False,True
20.0,1.0,1.0,1.0,33.0,142.62,0.31,3.21,44.37,458.43,0.05,25.47,11,0,2,0,6.0,14.0,18.0,15.0,1.0,False,False
38.0,4.0,3.0,4.0,80.0,384.59,0.07,14.5,26.52,5576.53,0.13,309.81,29,1,6,0,14.0,14.0,51.0,29.0,7.0,False,False
25.0,3.0,1.0,3.0,68.0,326.9,0.09,11.0,29.72,3595.9,0.11,199.77,21,0,1,0,14.0,14.0,46.0,22.0,5.0,False,False
15.0,3.0,1.0,2.0,23.0,95.91,0.18,5.63,17.05,539.48,0.03,29.97,12,0,1,0,10.0,8.0,14.0,9.0,5.0,False,False
14.0,2.0,1.0,2.0,32.0,128.0,0.07,14.3,8.95,1830.4,0.04,101.69,11,0,1,0,11.0,5.0,19.0,13.0,3.0,False,False
37.0,4.0,1.0,4.0,71.0,344.92,0.08,12.13,28.43,4184.99,0.11,232.5,28,1,6,0,14.0,15.0,45.0,26.0,6.0,False,False
4.0,1.0,1.0,1.0,4.0,8.0,0.67,1.5,5.33,12.0,0.0,0.67,0,0,0,0,3.0,1.0,3.0,1.0,1.0,False,False
26.0,2.0,1.0,2.0,63.0,296.13,0.11,8.8,33.65,2605.92,0.1,144.77,19,1,2,0,11.0,15.0,39.0,24.0,3.0,False,False
13.0,5.0,5.0,1.0,36.0,150.12,0.05,18.2,8.25,2732.13,0.05,151.79,10,0,1,0,13.0,5.0,22.0,14.0,9.0,False,False
2.0,1.0,1.0,1.0,1.0,0.0,0.0,0.0,0.0,0.0,0.0,0.0,0,0,0,0,1.0,0.0,1.0,0.0,1.0,False,False
2.0,1.0,1.0,1.0,10.0,31.7,0.4,2.5,12.68,79.25,0.01,4.4,0,0,0,0,5.0,4.0,6.0,4.0,1.0,False,False
9.0,1.0,1.0,1.0,0.0,0.0,0.0,0.0,0.0,0.0,0.0,0.0,0,0,0,0,0.0,0.0,0.0,0.0,1.0,False,False
2.0,1.0,1.0,1.0,4.0,8.0,0.67,1.5,5.33,12.0,0.0,0.67,0,0,0,0,3.0,1.0,3.0,1.0,1.0,False,False
7.0,1.0,1.0,1.0,12.0,41.51,0.29,3.5,11.86,145.3,0.01,8.07,4,0,0,0,7.0,4.0,8.0,4.0,1.0,False,False
6.0,1.0,1.0,1.0,12.0,39.86,0.33,3.0,13.29,119.59,0.01,6.64,3,1,0,0,6.0,4.0,8.0,4.0,1.0,True,False
14.0,2.0,1.0,2.0,30.0,122.62,0.17,5.78,21.22,708.49,0.04,39.36,10,0,1,0,8.0,9.0,17.0,13.0,3.0,False,False
15.0,2.0,1.0,2.0,38.0,152.0,0.11,9.17,16.58,1393.33,0.05,77.41,12,0,1,0,10.0,6.0,27.0,11.0,3.0,False,False
44.0,6.0,3.0,6.0,114.0,598.26,0.05,19.35,30.92,11576.4,0.2,643.13,37,0,2,0,18.0,20.0,71.0,43.0,11.0,False,False
63.0,8.0,1.0,8.0,185.0,1069.55,0.04,24.33,43.95,26025.75,0.36,1445.88,52,2,7,0,22.0,33.0,112.0,73.0,15.0,True,False
35.0,3.0,1.0,3.0,75.0,364.35,0.1,9.88,36.87,3600.62,0.12,200.03,30,0,3,0,12.0,17.0,47.0,28.0,5.0,False,False
8.0,1.0,1.0,1.0,21.0,66.57,0.4,2.5,26.63,166.42,0.02,9.25,7,0,0,0,3.0,6.0,11.0,10.0,1.0,False,False
4.0,1.0,1.0,1.0,6.0,15.51,0.4,2.5,6.2,38.77,0.01,2.15,2,0,0,0,5.0,1.0,5.0,1.0,1.0,False,False
3.0,1.0,1.0,1.0,2.0,2.0,2.0,0.5,4.0,1.0,0.0,0.06,2,0,0,0,1.0,1.0,1.0,1.0,1.0,False,False
3.0,1.0,1.0,1.0,1.0,0.0,0.0,0.0,0.0,0.0,0.0,0.0,1,0,0,0,1.0,0.0,1.0,0.0,1.0,False,False
6.0,1.0,1.0,1.0,9.0,25.27,0.67,1.5,16.84,37.9,0.01,2.11,2,1,0,1,3.0,4.0,5.0,4.0,1.0,False,False
2.0,1.0,1.0,1.0,4.0,8.0,0.67,1.5,5.33,12.0,0.0,0.67,0,0,0,0,3.0,1.0,3.0,1.0,1.0,False,False
4.0,1.0,1.0,1.0,4.0,8.0,0.67,1.5,5.33,12.0,0.0,0.67,2,0,0,0,3.0,1.0,3.0,1.0,1.0,False,True
13.0,1.0,1.0,1.0,20.0,78.14,0.33,3.0,26.05,234.41,0.03,13.02,9,0,0,0,6.0,9.0,11.0,9.0,1.0,False,False
6.0,2.0,1.0,1.0,14.0,50.19,0.24,4.2,11.95,210.8,0.02,11.71,4,0,0,0,7.0,5.0,8.0,6.0,3.0,False,False
38.0,1.0,1.0,1.0,0.0,0.0,0.0,0.0,0.0,0.0,0.0,0.0,0,0,0,0,0.0,0.0,0.0,0.0,1.0,False,False
12.0,2.0,1.0,2.0,15.0,51.89,0.23,4.38,11.86,227.03,0.02,12.61,6,1,3,0,7.0,4.0,10.0,5.0,3.0,False,False
6.0,1.0,1.0,1.0,0.0,0.0,0.0,0.0,0.0,0.0,0.0,0.0,0,0,0,0,0.0,0.0,0.0,0.0,1.0,False,False
16.0,2.0,1.0,2.0,32.0,133.44,0.18,5.6,23.83,747.25,0.04,41.51,11,0,1,0,8.0,10.0,18.0,14.0,3.0,False,False
25.0,2.0,1.0,2.0,38.0,169.46,0.19,5.19,32.64,879.88,0.06,48.88,18,2,3,0,9.0,13.0,23.0,15.0,3.0,True,False
8.0,1.0,1.0,1.0,17.0,60.94,0.2,5.0,12.19,304.72,0.02,16.93,4,0,2,0,8.0,4.0,12.0,5.0,1.0,True,False
15.0,1.0,1.0,1.0,13.0,41.21,0.64,1.57,26.22,64.76,0.01,3.6,12,0,0,0,2.0,7.0,2.0,11.0,1.0,False,False
3.0,1.0,1.0,1.0,1.0,0.0,0.0,0.0,0.0,0.0,0.0,0.0,1,0,0,0,1.0,0.0,1.0,0.0,1.0,False,False
22.0,3.0,1.0,3.0,47.0,206.44,0.09,10.67,19.35,2202.02,0.07,122.33,14,2,2,0,12.0,9.0,31.0,16.0,5.0,True,False
2.0,1.0,1.0,1.0,4.0,8.0,0.67,1.5,5.33,12.0,0.0,0.67,0,0,0,0,3.0,1.0,3.0,1.0,1.0,False,False
165.0,13.0,11.0,12.0,365.0,2206.2,0.02,43.27,50.99,95460.74,0.74,5303.37,112,22,23,0,27.0,39.0,240.0,125.0,25.0,True,False
51.0,13.0,8.0,13.0,138.0,713.45,0.05,20.13,35.44,14362.87,0.24,797.94,44,3,2,0,17.0,19.0,93.0,45.0,25.0,False,False
34.0,5.0,4.0,5.0,105.0,499.26,0.06,16.71,29.87,8344.83,0.17,463.6,28,0,4,0,13.0,14.0,69.0,36.0,9.0,False,False
15.0,1.0,1.0,1.0,28.0,112.0,0.2,5.0,22.4,560.0,0.04,31.11,7,1,2,0,8.0,8.0,18.0,10.0,1.0,False,False
20.0,3.0,1.0,3.0,33.0,147.16,0.11,8.75,16.82,1287.66,0.05,71.54,13,1,2,2,14.0,8.0,23.0,10.0,5.0,False,False
5.0,1.0,1.0,1.0,4.0,8.0,0.67,1.5,5.33,12.0,0.0,0.67,3,0,0,0,3.0,1.0,3.0,1.0,1.0,False,True
6.0,1.0,1.0,1.0,9.0,25.27,0.67,1.5,16.84,37.9,0.01,2.11,3,0,0,0,3.0,4.0,5.0,4.0,1.0,False,True
3.0,1.0,1.0,1.0,1.0,0.0,0.0,0.0,0.0,0.0,0.0,0.0,1,0,0,0,1.0,0.0,1.0,0.0,1.0,False,False
2.0,1.0,1.0,1.0,4.0,8.0,0.67,1.5,5.33,12.0,0.0,0.67,0,0,0,0,3.0,1.0,3.0,1.0,1.0,False,False
10.0,1.0,1.0,1.0,12.0,36.0,0.5,2.0,18.0,72.0,0.01,4.0,2,2,2,2,4.0,4.0,8.0,4.0,1.0,False,False
13.0,3.0,3.0,2.0,21.0,77.71,0.21,4.8,16.19,373.0,0.03,20.72,10,0,1,0,8.0,5.0,15.0,6.0,5.0,False,False
64.0,12.0,5.0,12.0,171.0,890.82,0.05,19.09,46.66,17006.5,0.3,944.81,53,4,5,0,15.0,22.0,115.0,56.0,23.0,False,False
38.0,9.0,1.0,2.0,68.0,315.78,0.07,15.27,20.68,4822.86,0.11,267.94,30,1,5,0,14.0,11.0,44.0,24.0,14.0,False,False
45.0,1.0,1.0,1.0,0.0,0.0,0.0,0.0,0.0,0.0,0.0,0.0,0,0,0,0,0.0,0.0,0.0,0.0,1.0,True,False
74.0,6.0,5.0,6.0,155.0,781.88,0.05,18.79,41.61,14691.13,0.26,816.17,54,7,7,4,14.0,19.0,104.0,51.0,11.0,False,False
4.0,1.0,1.0,1.0,4.0,8.0,1.0,1.0,8.0,8.0,0.0,0.44,1,0,0,0,2.0,2.0,2.0,2.0,1.0,False,True
75.0,5.0,1.0,5.0,154.0,845.75,0.07,14.0,60.41,11840.44,0.28,657.8,58,2,9,0,15.0,30.0,98.0,56.0,9.0,False,False
3.0,1.0,1.0,1.0,1.0,0.0,0.0,0.0,0.0,0.0,0.0,0.0,1,0,0,0,1.0,0.0,1.0,0.0,1.0,False,False
23.0,5.0,3.0,3.0,116.0,633.29,0.04,22.8,27.78,14439.1,0.21,802.17,16,0,5,0,24.0,20.0,78.0,38.0,9.0,True,False
28.0,2.0,1.0,2.0,77.0,385.0,0.12,8.64,44.55,3327.5,0.13,184.86,22,0,4,0,11.0,21.0,44.0,33.0,3.0,False,False
2.0,2.0,1.0,1.0,8.0,24.0,0.4,2.5,9.6,60.0,0.01,3.33,0,0,0,0,5.0,3.0,5.0,3.0,3.0,False,False
2.0,1.0,1.0,1.0,3.0,4.75,1.0,1.0,4.75,4.75,0.0,0.26,0,0,0,0,2.0,1.0,2.0,1.0,1.0,False,False
11.0,3.0,1.0,3.0,26.0,93.21,0.16,6.3,14.8,587.22,0.03,32.61,8,0,1,0,7.0,5.0,17.0,9.0,5.0,False,False
15.0,3.0,1.0,3.0,39.0,176.42,0.09,10.89,16.2,1921.01,0.06,106.72,11,0,2,0,14.0,9.0,25.0,14.0,5.0,False,False
2.0,1.0,1.0,1.0,0.0,0.0,0.0,0.0,0.0,0.0,0.0,0.0,0,0,0,0,0.0,0.0,0.0,0.0,1.0,False,False
16.0,1.0,1.0,1.0,8.0,24.0,0.4,2.5,9.6,60.0,0.01,3.33,3,6,2,0,5.0,3.0,5.0,3.0,1.0,False,False
9.0,2.0,1.0,1.0,13.0,41.21,0.25,4.0,10.3,164.84,0.01,9.16,7,0,0,0,6.0,3.0,9.0,4.0,3.0,False,False
65.0,7.0,7.0,5.0,169.0,943.86,0.05,19.98,47.23,18860.9,0.31,1047.82,48,6,5,4,19.0,29.0,108.0,61.0,13.0,False,False
1.0,1.0,1.0,1.0,4.0,8.0,0.67,1.5,5.33,12.0,0.0,0.67,0,0,0,0,3.0,1.0,3.0,1.0,1.0,False,False
4.0,1.0,1.0,1.0,6.0,15.51,0.5,2.0,7.75,31.02,0.01,1.72,2,0,0,0,4.0,2.0,4.0,2.0,1.0,False,False
4.0,1.0,1.0,1.0,7.0,18.09,1.0,1.0,18.09,18.09,0.01,1.01,1,0,0,0,2.0,4.0,3.0,4.0,1.0,False,False
3.0,1.0,1.0,1.0,1.0,0.0,0.0,0.0,0.0,0.0,0.0,0.0,1,0,0,0,1.0,0.0,1.0,0.0,1.0,False,False
16.0,1.0,1.0,1.0,40.0,175.69,0.17,6.0,29.28,1054.16,0.06,58.56,9,1,2,0,9.0,12.0,24.0,16.0,1.0,False,False
24.0,1.0,1.0,1.0,0.0,0.0,0.0,0.0,0.0,0.0,0.0,0.0,0,0,0,0,0.0,0.0,0.0,0.0,1.0,False,False
20.0,3.0,1.0,3.0,33.0,147.16,0.11,8.75,16.82,1287.66,0.05,71.54,13,1,2,2,14.0,8.0,23.0,10.0,5.0,False,False
7.0,2.0,1.0,2.0,16.0,55.35,0.15,6.67,8.3,369.01,0.02,20.5,5,0,0,0,8.0,3.0,11.0,5.0,3.0,False,False
107.0,9.0,7.0,7.0,178.0,1051.43,0.05,19.65,53.5,20664.58,0.35,1148.03,70,11,20,2,21.0,39.0,105.0,73.0,17.0,True,False
16.0,2.0,1.0,2.0,26.0,101.58,0.11,9.0,11.29,914.21,0.03,50.79,9,0,1,0,10.0,5.0,17.0,9.0,3.0,False,False
29.0,1.0,1.0,1.0,99.0,495.0,0.2,4.9,101.02,2425.5,0.17,134.75,24,0,0,0,7.0,25.0,64.0,35.0,1.0,True,False
62.0,7.0,7.0,6.0,158.0,857.35,0.05,19.44,44.1,16666.88,0.29,925.94,48,3,9,0,18.0,25.0,104.0,54.0,13.0,False,False
26.0,2.0,1.0,2.0,47.0,218.26,0.17,5.91,36.95,1289.11,0.07,71.62,13,0,2,0,9.0,16.0,26.0,21.0,3.0,False,False
23.0,6.0,6.0,2.0,70.0,346.79,0.05,19.79,17.52,6863.63,0.12,381.31,17,0,4,0,19.0,12.0,45.0,25.0,11.0,True,False
19.0,2.0,1.0,2.0,39.0,176.42,0.17,5.79,30.49,1020.71,0.06,56.71,13,0,4,0,9.0,14.0,21.0,18.0,3.0,False,False
4.0,1.0,1.0,1.0,5.0,11.61,0.67,1.5,7.74,17.41,0.0,0.97,2,0,0,0,3.0,2.0,3.0,2.0,1.0,False,True
15.0,3.0,1.0,3.0,43.0,185.84,0.08,13.0,14.3,2415.96,0.06,134.22,13,0,0,0,13.0,7.0,29.0,14.0,5.0,False,False
4.0,1.0,1.0,1.0,2.0,2.0,2.0,0.5,4.0,1.0,0.0,0.06,3,0,0,0,1.0,1.0,1.0,1.0,1.0,False,False
3.0,1.0,1.0,1.0,1.0,0.0,0.0,0.0,0.0,0.0,0.0,0.0,1,0,0,0,1.0,0.0,1.0,0.0,1.0,False,False
13.0,1.0,1.0,1.0,36.0,150.12,0.19,5.2,28.87,780.61,0.05,43.37,8,0,0,0,8.0,10.0,23.0,13.0,1.0,False,False
65.0,6.0,1.0,5.0,155.0,801.34,0.05,19.73,40.62,15808.22,0.27,878.23,54,4,5,0,14.0,22.0,93.0,62.0,11.0,True,False
70.0,20.0,5.0,6.0,418.0,2526.56,0.02,41.5,60.88,104852.1,0.84,5825.12,52,0,16,0,22.0,44.0,252.0,166.0,39.0,False,False
4.0,1.0,1.0,1.0,5.0,11.61,0.5,2.0,5.8,23.22,0.0,1.29,2,0,0,0,4.0,1.0,4.0,1.0,1.0,False,False
